{"cameraMode":{"drawMode":0,"name":"Shaded","section":"Shading Mode"},"sceneLighting":true,"audioPlay":false,"sceneViewState":{"m_AlwaysRefresh":false,"showFog":true,"showSkybox":true,"showFlares":true,"showImageEffects":true,"showParticleSystems":true,"showVisualEffectGraphs":true,"m_FxEnabled":true},"in2DMode":false,"pivot":{"x":568.8956298828125,"y":311.2310485839844,"z":-400.2535400390625},"rotation":{"x":0.0008594232494942844,"y":0.9975190162658691,"z":-0.004384410101920366,"w":0.07034328579902649},"size":0.8660253882408142,"orthographic":false}