{"cameraMode":{"drawMode":0,"name":"Shaded","section":"Shading Mode"},"sceneLighting":true,"audioPlay":false,"sceneViewState":{"m_AlwaysRefresh":false,"showFog":true,"showSkybox":true,"showFlares":true,"showImageEffects":true,"showParticleSystems":true,"showVisualEffectGraphs":true,"m_FxEnabled":true},"in2DMode":false,"pivot":{"x":573.6141357421875,"y":313.98748779296877,"z":-487.80035400390627},"rotation":{"x":0.10405342280864716,"y":0.21631678938865663,"z":-0.023192821070551873,"w":0.9704885482788086},"size":0.8660253882408142,"orthographic":false}