{"cameraMode":{"drawMode":0,"name":"Shaded","section":"Shading Mode"},"sceneLighting":true,"audioPlay":false,"sceneViewState":{"m_AlwaysRefresh":false,"showFog":true,"showSkybox":true,"showFlares":true,"showImageEffects":true,"showParticleSystems":true,"showVisualEffectGraphs":true,"m_FxEnabled":true},"in2DMode":false,"pivot":{"x":571.1030883789063,"y":303.5142822265625,"z":-680.6071166992188},"rotation":{"x":0.28980517387390139,"y":0.04161155968904495,"z":-0.012612140737473965,"w":0.9560976028442383},"size":100.1543197631836,"orthographic":false}