{"cameraMode":{"drawMode":0,"name":"Shaded","section":"Shading Mode"},"sceneLighting":true,"audioPlay":false,"sceneViewState":{"m_AlwaysRefresh":false,"showFog":true,"showSkybox":true,"showFlares":true,"showImageEffects":true,"showParticleSystems":true,"showVisualEffectGraphs":true,"m_FxEnabled":true},"in2DMode":false,"pivot":{"x":-11.302067756652832,"y":9.453103065490723,"z":4.14699649810791},"rotation":{"x":0.017509091645479204,"y":0.7105016708374023,"z":-0.017699697986245157,"w":0.7032850384712219},"size":0.8660253882408142,"orthographic":false}