{"cameraMode":{"drawMode":0,"name":"Shaded","section":"Shading Mode"},"sceneLighting":true,"audioPlay":false,"sceneViewState":{"m_AlwaysRefresh":false,"showFog":true,"showSkybox":true,"showFlares":true,"showImageEffects":true,"showParticleSystems":true,"showVisualEffectGraphs":true,"m_FxEnabled":true},"in2DMode":false,"pivot":{"x":-28.14464569091797,"y":1.615543246269226,"z":27.048105239868165},"rotation":{"x":0.015276995487511158,"y":0.8007064461708069,"z":0.02117322012782097,"w":-0.5988274216651917},"size":1.7032098770141602,"orthographic":false}